element;pfad;praefix;namespace
catalogueItemNotificationMessage;/catalogueItemNotificationMessage;catalogue_item_notification;urn:gs1:gdsn:catalogue_item_notification:xsd:3
StandardBusinessDocumentHeader;/catalogueItemNotificationMessage/StandardBusinessDocumentHeader (inkl. aller Unterelemente);sh;http://www.unece.org/cefact/namespaces/StandardBusinessDocumentHeader
catalogueItemNotification;/catalogueItemNotificationMessage/transaction/documentCommand/catalogueItemNotification;catalogue_item_notification;urn:gs1:gdsn:catalogue_item_notification:xsd:3
allergenInformationModule;.../tradeItemInformation/extension/allergenInformationModule und .../componentInformation/extension/allergenInformationModule;allergen_information;urn:gs1:gdsn:allergen_information:xsd:3
consumerInstructionsModule;.../tradeItemInformation/extension/consumerInstructionsModule und .../componentInformation/extension/consumerInstructionsModule;consumer_instructions;urn:gs1:gdsn:consumer_instructions:xsd:3
deliveryPurchasingInformationModule;.../tradeItemInformation/extension/deliveryPurchasingInformationModule und .../componentInformation/extension/deliveryPurchasingInformationModule;delivery_purchasing_information;urn:gs1:gdsn:delivery_purchasing_information:xsd:3
dietInformationModule;.../tradeItemInformation/extension/dietInformationModule und .../componentInformation/extension/dietInformationModule;diet_information;urn:gs1:gdsn:diet_information:xsd:3
dutyFeeTaxInformationModule;.../tradeItemInformation/extension/dutyFeeTaxInformationModule und .../componentInformation/extension/dutyFeeTaxInformationModule;duty_fee_tax_information;urn:gs1:gdsn:duty_fee_tax_information:xsd:3
foodAndBeverageIngredientModule;.../tradeItemInformation/extension/foodAndBeverageIngredientModule und .../componentInformation/extension/foodAndBeverageIngredientModule;food_and_beverage_ingredient;urn:gs1:gdsn:food_and_beverage_ingredient:xsd:3
foodAndBeveragePreparationServingModule;.../tradeItemInformation/extension/foodAndBeveragePreparationServingModule und .../componentInformation/extension/foodAndBeveragePreparationServingModule;food_and_beverage_preparation_serving;urn:gs1:gdsn:food_and_beverage_preparation_serving:xsd:3
healthRelatedInformationModule;.../tradeItemInformation/extension/healthRelatedInformationModule und .../componentInformation/extension/healthRelatedInformationModule;health_related_information;urn:gs1:gdsn:health_related_information:xsd:3
healthWellnessPackagingMarkingModule;.../tradeItemInformation/extension/healthWellnessPackagingMarkingModule und .../componentInformation/extension/healthWellnessPackagingMarkingModule;health_wellness_packaging_marking;urn:gs1:gdsn:health_wellness_packaging_marking:xsd:3
marketingInformationModule;.../tradeItemInformation/extension/marketingInformationModule und .../componentInformation/extension/marketingInformationModule;marketing_information;urn:gs1:gdsn:marketing_information:xsd:3
nonGTINLogisticsUnitInformationModule;.../tradeItemInformation/extension/nonGTINLogisticsUnitInformationModule und .../componentInformation/extension/nonGTINLogisticsUnitInformationModule;nongtin_logistics_unit_information;urn:gs1:gdsn:nongtin_logistics_unit_information:xsd:3
nutritionalInformationModule;.../tradeItemInformation/extension/nutritionalInformationModule und .../componentInformation/extension/nutritionalInformationModule;nutritional_information;urn:gs1:gdsn:nutritional_information:xsd:3
packagingInformationModule;.../tradeItemInformation/extension/packagingInformationModule und .../componentInformation/extension/packagingInformationModule;packaging_information;urn:gs1:gdsn:packaging_information:xsd:3
packagingMarkingModule;.../tradeItemInformation/extension/packagingMarkingModule und .../componentInformation/extension/packagingMarkingModule;packaging_marking;urn:gs1:gdsn:packaging_marking:xsd:3
placeOfItemActivityModule;.../tradeItemInformation/extension/placeOfItemActivityModule und .../componentInformation/extension/placeOfItemActivityModule;place_of_item_activity;urn:gs1:gdsn:place_of_item_activity:xsd:3
referencedFileDetailInformationModule;.../tradeItemInformation/extension/referencedFileDetailInformationModule und .../componentInformation/extension/referencedFileDetailInformationModule;referenced_file_detail_information;urn:gs1:gdsn:referenced_file_detail_information:xsd:3
regulatedTradeItemModule;.../tradeItemInformation/extension/regulatedTradeItemModule und .../componentInformation/extension/regulatedTradeItemModule;regulated_trade_item;urn:gs1:gdsn:regulated_trade_item:xsd:3
safetyDataSheetModule;.../tradeItemInformation/extension/safetyDataSheetModule und .../componentInformation/extension/safetyDataSheetModule;safety_data_sheet;urn:gs1:gdsn:safety_data_sheet:xsd:3
salesInformationModule;.../tradeItemInformation/extension/salesInformationModule und .../componentInformation/extension/salesInformationModule;sales_information;urn:gs1:gdsn:sales_information:xsd:3
tradeItemDataCarrierAndIdentificationModule;.../tradeItemInformation/extension/tradeItemDataCarrierAndIdentificationModule und .../componentInformation/extension/tradeItemDataCarrierAndIdentificationModule;trade_item_data_carrier_and_identification;urn:gs1:gdsn:trade_item_data_carrier_and_identification:xsd:3
tradeItemDescriptionModule;.../tradeItemInformation/extension/tradeItemDescriptionModule und .../componentInformation/extension/tradeItemDescriptionModule;trade_item_description;urn:gs1:gdsn:trade_item_description:xsd:3
tradeItemHandlingModule;.../tradeItemInformation/extension/tradeItemHandlingModule und .../componentInformation/extension/tradeItemHandlingModule;trade_item_handling;urn:gs1:gdsn:trade_item_handling:xsd:3
tradeItemHierarchyModule;.../tradeItemInformation/extension/tradeItemHierarchyModule und .../componentInformation/extension/tradeItemHierarchyModule;trade_item_hierarchy;urn:gs1:gdsn:trade_item_hierarchy:xsd:3
tradeItemLifespanModule;.../tradeItemInformation/extension/tradeItemLifespanModule und .../componentInformation/extension/tradeItemLifespanModule;trade_item_lifespan;urn:gs1:gdsn:trade_item_lifespan:xsd:3
tradeItemMeasurementsModule;.../tradeItemInformation/extension/tradeItemMeasurementsModule und .../componentInformation/extension/tradeItemMeasurementsModule;trade_item_measurements;urn:gs1:gdsn:trade_item_measurements:xsd:3
tradeItemSizeModule;.../tradeItemInformation/extension/tradeItemSizeModule und .../componentInformation/extension/tradeItemSizeModule;trade_item_size;urn:gs1:gdsn:trade_item_size:xsd:3
transportationHazardousClassificationModule;.../tradeItemInformation/extension/transportationHazardousClassificationModule und .../componentInformation/extension/transportationHazardousClassificationModule;transportation_hazardous_classification;urn:gs1:gdsn:transportation_hazardous_classification:xsd:3
variableTradeItemInformationModule;.../tradeItemInformation/extension/variableTradeItemInformationModule und .../componentInformation/extension/variableTradeItemInformationModule;variable_trade_item_information;urn:gs1:gdsn:variable_trade_item_information:xsd:3
